<?xml version="1.0" encoding="utf-8"?>
<modification>
    <name>Also Bought</name>
    <version>1.0</version>
    <author>Willian Henrique Briotto</author>
    <link>https://github.com/willianbriotto/</link>
	<code>also_bought_ocmod</code>
    <file path="catalog/controller/product/product.php">
        <operation>
            <search><![CDATA[$data['recurrings'] = $this->model_catalog_product->getProfiles($this->request->get['product_id']);]]></search>
            <add position="after"><![CDATA[
            $data['boughts'] = array();
			$this->load->model('setting/setting');
			$setting_bought = $this->model_setting_setting->getSetting('also_bought');
			$data['also_bought_status'] = $setting_bought['also_bought_status'];
			if($setting_bought['also_bought_status']):
				$data['also_bought_heading'] = $setting_bought['also_bought_heading'];
				$boughts = $this->model_catalog_product->getProductAlsoBought($this->request->get['product_id'], $setting_bought['also_bought_quantity']);
				foreach ($boughts as $bought) {
					if ($bought['image']) {
						$image = $this->model_tool_image->resize($bought['image'], $this->config->get('config_image_related_width'), $this->config->get('config_image_related_height'));
					} else {
						$image = $this->model_tool_image->resize('placeholder.png', $this->config->get('config_image_related_width'), $this->config->get('config_image_related_height'));
					}

					if (($this->config->get('config_customer_price') && $this->customer->isLogged()) || !$this->config->get('config_customer_price')) {
						$price = $this->currency->format($this->tax->calculate($bought['price'], $bought['tax_class_id'], $this->config->get('config_tax')));
					} else {
						$price = false;
					}

					if ((float)$bought['special']) {
						$special = $this->currency->format($this->tax->calculate($bought['special'], $bought['tax_class_id'], $this->config->get('config_tax')));
					} else {
						$special = false;
					}

					if ($this->config->get('config_tax')) {
						$tax = $this->currency->format((float)$bought['special'] ? $bought['special'] : $bought['price']);
					} else {
						$tax = false;
					}

					if ($this->config->get('config_review_status')) {
						$rating = (int)$bought['rating'];
					} else {
						$rating = false;
					}

					$data['boughts'][] = array(
						'product_id'  => $bought['product_id'],
						'thumb'       => $image,
						'name'        => $bought['name'],
						'description' => utf8_substr(strip_tags(html_entity_decode($bought['description'], ENT_QUOTES, 'UTF-8')), 0, $this->config->get('config_product_description_length')) . '..',
						'price'       => $price,
						'special'     => $special,
						'tax'         => $tax,
						'minimum'     => $bought['minimum'] > 0 ? $bought['minimum'] : 1,
						'rating'      => $rating,
						'href'        => $this->url->link('product/product', 'product_id=' . $bought['product_id'])
					);
				}
			endif;
            ]]></add>
        </operation>
    </file>
    <file path="catalog/model/catalog/product.php">
        <operation>
            <search><![CDATA[public function getProductRelated($product_id) {]]></search>
            <add position="before"><![CDATA[
            public function getProductAlsoBought($product_id, $limit = NULL) {
        		$product_also_bought = array();

        		$orders = array();
        		$query = $this->db->query("SELECT op.order_id FROM " . DB_PREFIX . "order_product op LEFT JOIN " . DB_PREFIX . "product p ON (op.product_id = p.product_id) " .
        								  "LEFT JOIN " . DB_PREFIX . "product_to_store p2s ON (p.product_id = p2s.product_id) WHERE op.product_id = '" . (int)$product_id . "' ".
        								  "AND p.status = '1' AND p.date_available <= NOW() AND p2s.store_id = '" . (int)$this->config->get('config_store_id') . "' GROUP BY op.order_id, op.product_id");

        		foreach ($query->rows as $result) :
        			$orders[] = $result['order_id'];
        		endforeach;

                if(!count($orders) > 0):
					return $product_also_bought;
				endif;

        		$str_order = "";
        		for($n = 0; $n < count($orders); $n++):
        			if($n == count($orders) - 1) :
        				$str_order = "'" . $orders[$n] . "'";
        			else:
        				$str_order = "'" . $orders[$n] . "', ";
        			endif;
        		endfor;

        		$q = "SELECT p.product_id FROM " . DB_PREFIX . "order_product op LEFT JOIN " . DB_PREFIX . "product p ON (op.product_id = p.product_id) " .
        			 "LEFT JOIN " . DB_PREFIX . "product_to_store p2s ON (p.product_id = p2s.product_id) WHERE op.order_id IN(" . $str_order . ") ".
        			 "AND op.product_id !=  '" . (int)$product_id . "' " .
        			 "AND p.status = '1' AND p.date_available <= NOW() AND p2s.store_id = '" . (int)$this->config->get('config_store_id') . "' GROUP BY op.product_id";
        		if($limit):
         			$q .= " LIMIT ".(int)$limit;
         		endif;
        		$query = $this->db->query($q);

        		foreach ($query->rows as $result) :
        	  		$product_also_bought[] = $this->getProduct($result['product_id']);;
          		endforeach;

        		return $product_also_bought;
        	}
            ]]></add>
        </operation>
    </file>
    <file path="catalog/view/theme/*/template/product/product.tpl">
        <operation>
            <search><![CDATA[<?php if ($products) { ?>]]></search>
            <add position="before"><![CDATA[
            <?php if ($also_bought_status && $boughts) { ?>
            <h3><?php echo $also_bought_heading; ?></h3>
            <div class="row">
              <?php $i = 0; ?>
              <?php foreach ($boughts as $product) { ?>
              <?php if ($column_left && $column_right) { ?>
              <?php $class = 'col-lg-6 col-md-6 col-sm-12 col-xs-12'; ?>
              <?php } elseif ($column_left || $column_right) { ?>
              <?php $class = 'col-lg-4 col-md-4 col-sm-6 col-xs-12'; ?>
              <?php } else { ?>
              <?php $class = 'col-lg-3 col-md-3 col-sm-6 col-xs-12'; ?>
              <?php } ?>
              <div class="<?php echo $class; ?>">
                <div class="product-thumb transition">
                  <div class="image"><a href="<?php echo $product['href']; ?>"><img src="<?php echo $product['thumb']; ?>" alt="<?php echo $product['name']; ?>" title="<?php echo $product['name']; ?>" class="img-responsive" /></a></div>
                  <div class="caption">
                    <h4><a href="<?php echo $product['href']; ?>"><?php echo $product['name']; ?></a></h4>
                    <p><?php echo $product['description']; ?></p>
                    <?php if ($product['rating']) { ?>
                    <div class="rating">
                      <?php for ($i = 1; $i <= 5; $i++) { ?>
                      <?php if ($product['rating'] < $i) { ?>
                      <span class="fa fa-stack"><i class="fa fa-star-o fa-stack-1x"></i></span>
                      <?php } else { ?>
                      <span class="fa fa-stack"><i class="fa fa-star fa-stack-1x"></i><i class="fa fa-star-o fa-stack-1x"></i></span>
                      <?php } ?>
                      <?php } ?>
                    </div>
                    <?php } ?>
                    <?php if ($product['price']) { ?>
                    <p class="price">
                      <?php if (!$product['special']) { ?>
                      <?php echo $product['price']; ?>
                      <?php } else { ?>
                      <span class="price-new"><?php echo $product['special']; ?></span> <span class="price-old"><?php echo $product['price']; ?></span>
                      <?php } ?>
                      <?php if ($product['tax']) { ?>
                      <span class="price-tax"><?php echo $text_tax; ?> <?php echo $product['tax']; ?></span>
                      <?php } ?>
                    </p>
                    <?php } ?>
                  </div>
                  <div class="button-group">
                    <button type="button" onclick="cart.add('<?php echo $product['product_id']; ?>', '<?php echo $product['minimum']; ?>');"><span class="hidden-xs hidden-sm hidden-md"><?php echo $button_cart; ?></span> <i class="fa fa-shopping-cart"></i></button>
                    <button type="button" data-toggle="tooltip" title="<?php echo $button_wishlist; ?>" onclick="wishlist.add('<?php echo $product['product_id']; ?>');"><i class="fa fa-heart"></i></button>
                    <button type="button" data-toggle="tooltip" title="<?php echo $button_compare; ?>" onclick="compare.add('<?php echo $product['product_id']; ?>');"><i class="fa fa-exchange"></i></button>
                  </div>
                </div>
              </div>
              <?php if (($column_left && $column_right) && ($i % 2 == 0)) { ?>
              <div class="clearfix visible-md visible-sm"></div>
              <?php } elseif (($column_left || $column_right) && ($i % 3 == 0)) { ?>
              <div class="clearfix visible-md"></div>
              <?php } elseif ($i % 4 == 0) { ?>
              <div class="clearfix visible-md"></div>
              <?php } ?>
              <?php $i++; ?>
              <?php } ?>
            </div>
            <?php } ?>
            ]]></add>
        </operation>
    </file>
</modification>
